{
    "loss": 1.1105775833129883,
    "accuracy": 0.9137930870056152
}