{
    "loss": 1.1259037256240845,
    "accuracy": 0.9137930870056152
}